{
	"class_name" : "PinholeCameraParameters",
	"extrinsic" : 
	[
		0.99820425282667935,
		0.0049556609556956144,
		-0.059696826240791583,
		0.0,
		-0.0059935169076696755,
		-0.98330854320917283,
		-0.1818471517701937,
		0.0,
		-0.059601572074975899,
		0.18187839419883434,
		-0.98151306783447612,
		0.0,
		0.017378765323252603,
		0.10867855924109407,
		0.2062923776646573,
		1.0
	],
	"intrinsic" : 
	{
		"height" : 1055,
		"intrinsic_matrix" : 
		[
			913.65680099258282,
			0.0,
			0.0,
			0.0,
			913.65680099258282,
			0.0,
			959.5,
			527.0,
			1.0
		],
		"width" : 1920
	},
	"version_major" : 1,
	"version_minor" : 0
}